{
    "process_screenshot": {
        "starts": [
            3.203299791
        ],
        "ends": [
            6.799619875
        ],
        "times": [
            3.5963200840000003
        ]
    },
    "get_page_context": {
        "starts": [
            7.020263208
        ],
        "ends": [
            7.808657958
        ],
        "times": [
            0.7883947500000001
        ]
    },
    "filter_elements": {
        "starts": [
            8.624358916
        ],
        "ends": [
            9.398496916
        ],
        "times": [
            0.7741379999999989
        ]
    },
    "limit_elements": {
        "starts": [
            8.879428166
        ],
        "ends": [
            9.396382958
        ],
        "times": [
            0.5169547919999999
        ]
    },
    "element_proposal": {
        "starts": [
            9.516501958
        ],
        "ends": [
            10.166495166
        ],
        "times": [
            0.6499932080000015
        ]
    },
    "makes_sense_checking": {
        "starts": [
            10.166560291
        ],
        "ends": [
            11.186521041
        ],
        "times": [
            1.019960750000001
        ]
    },
    "element_action_selection": {
        "starts": [
            11.186563458
        ],
        "ends": [
            18.902896208
        ],
        "times": [
            7.716332750000001
        ]
    },
    "text_field": {
        "starts": [
            19.584153625
        ],
        "ends": [
            20.293312166
        ],
        "times": [
            0.7091585410000008
        ]
    },
    "end_state": {
        "starts": [
            20.29351875
        ],
        "ends": [
            21.22434575
        ],
        "times": [
            0.9308270000000007
        ]
    }
}