{
    "process_screenshot": {
        "starts": [
            6.536323541,
            19.533672958,
            33.655657875,
            53.632090541,
            67.905023583,
            85.149278125,
            97.298539291,
            113.884765,
            127.811506208,
            138.045301958,
            186.179793375,
            196.036229541,
            384.047701875
        ],
        "ends": [
            12.025878708,
            25.533666,
            43.930923125,
            56.61799375,
            70.65319825,
            91.339831583,
            101.047563583,
            118.820787291,
            131.238217041,
            140.918869916,
            188.6663755,
            198.922544666,
            386.808499
        ],
        "times": [
            5.489555167000001,
            5.999993042,
            10.275265249999997,
            2.985903209,
            2.7481746670000007,
            6.190553458000011,
            3.7490242920000014,
            4.9360222910000005,
            3.4267108330000156,
            2.8735679579999953,
            2.486582124999984,
            2.8863151249999817,
            2.7607971250000105
        ]
    },
    "get_page_context": {
        "starts": [
            12.548923916,
            25.873927041,
            44.897560208,
            57.529930791,
            71.550046666,
            91.495144958,
            101.19783325,
            119.041638958,
            131.40813125,
            141.15540125,
            188.880830833,
            199.137791125,
            387.166585
        ],
        "ends": [
            13.4359325,
            26.657912041,
            45.936502208,
            58.712455125,
            72.388174125,
            92.19749475,
            102.125006,
            119.584428125,
            132.449558666,
            141.886257208,
            189.732844625,
            199.949196041,
            387.860845708
        ],
        "times": [
            0.8870085840000002,
            0.7839849999999977,
            1.0389419999999987,
            1.182524334,
            0.8381274590000061,
            0.7023497920000068,
            0.9271727499999969,
            0.5427891670000093,
            1.0414274160000048,
            0.730855957999978,
            0.8520137920000082,
            0.8114049159999865,
            0.6942607080000016
        ]
    },
    "filter_elements": {
        "starts": [
            14.253619791,
            27.662614916,
            47.340246541,
            60.133190541,
            73.632902041,
            92.762756708,
            102.793573208,
            120.6148745,
            133.0163845,
            142.515409125,
            190.436462958,
            200.820168791,
            388.612275916
        ],
        "ends": [
            15.422190791,
            28.487300875,
            49.054207916,
            61.782807041,
            74.662153583,
            93.191794166,
            103.237379166,
            121.017093,
            133.517707708,
            143.343938291,
            191.177498833,
            201.317431583,
            389.366344458
        ],
        "times": [
            1.168571,
            0.824685959,
            1.7139613750000038,
            1.6496165000000005,
            1.0292515420000115,
            0.42903745799999626,
            0.44380595799999867,
            0.4022185000000036,
            0.5013232080000023,
            0.8285291660000098,
            0.7410358749999943,
            0.497262792000015,
            0.7540685420000273
        ]
    },
    "limit_elements": {
        "starts": [
            14.85842425,
            27.908115625,
            48.448110916,
            61.32090825,
            74.317605375,
            92.855560791,
            102.809200791,
            120.640792833,
            133.0346815,
            142.882560416,
            190.486780625,
            200.833258833,
            388.623384375
        ],
        "ends": [
            15.398987833,
            28.458781791,
            48.964110875,
            61.691026708,
            74.608637,
            93.18560575,
            103.184182666,
            120.993078166,
            133.506772416,
            143.3313785,
            191.167579,
            201.303350125,
            389.354038041
        ],
        "times": [
            0.5405635829999991,
            0.5506661659999992,
            0.5159999590000055,
            0.3701184580000003,
            0.29103162500000224,
            0.3300449589999914,
            0.37498187500000313,
            0.35228533299999754,
            0.4720909159999849,
            0.4488180840000098,
            0.6807983749999948,
            0.47009129200000643,
            0.7306536660000233
        ]
    },
    "element_proposal": {
        "starts": [
            15.568031541,
            28.60229775,
            49.300727125,
            62.119758583,
            74.925833375,
            93.25116525,
            103.289113625,
            121.10100875,
            133.583388083,
            143.426388375,
            153.833311583,
            164.954497541,
            175.111699958,
            191.24902775,
            201.388572083,
            211.337873708,
            221.244599208,
            231.540733083,
            237.699681541,
            244.175973791,
            252.73014725,
            263.516759666,
            267.91099025,
            278.477112458,
            288.160792666,
            298.401324041,
            308.454181625,
            316.663121833,
            328.323494083,
            338.694801625,
            350.347539083,
            354.092701041,
            363.994763333,
            373.528938625,
            389.454846333
        ],
        "ends": [
            16.575266458,
            29.161495875,
            50.659783541,
            64.812148208,
            76.219239041,
            93.916741083,
            104.331511041,
            121.554856083,
            134.155575666,
            144.519369041,
            154.645104625,
            166.016530458,
            176.061958625,
            192.025711541,
            202.176380208,
            212.381023291,
            222.358160666,
            232.6554085,
            238.7885805,
            244.902663625,
            254.081004291,
            264.566293958,
            268.761193083,
            279.408273541,
            288.85464975,
            299.520274041,
            309.354618375,
            317.394134541,
            329.252641833,
            339.570719541,
            350.962057875,
            355.140861458,
            365.432795375,
            374.387795416,
            390.402886833
        ],
        "times": [
            1.0072349170000017,
            0.5591981249999982,
            1.3590564160000014,
            2.692389624999997,
            1.2934056659999982,
            0.6655758330000054,
            1.042397416,
            0.4538473329999988,
            0.5721875830000158,
            1.0929806660000168,
            0.8117930419999766,
            1.0620329170000105,
            0.9502586669999857,
            0.7766837909999822,
            0.787808124999998,
            1.0431495830000017,
            1.1135614579999924,
            1.1146754170000008,
            1.088898959000005,
            0.7266898340000125,
            1.3508570410000118,
            1.0495342920000326,
            0.8502028330000257,
            0.9311610830000063,
            0.6938570840000011,
            1.118949999999984,
            0.900436749999983,
            0.731012708000037,
            0.9291477499999701,
            0.8759179159999917,
            0.6145187920000126,
            1.0481604170000196,
            1.4380320420000317,
            0.8588567909999938,
            0.9480405000000474
        ]
    },